ISO_YEAR,ISO_WEEK,date,period,SPEC_PROCESSED_NB,INF_ALL,INF_A,INF_B,AH1N12009,AH3,BVIC,positivity_rate
2017,1,2017-01-01,Pre-pandemic (2017-2019),12.0,,,,,,,0.0
2017,2,2017-01-08,Pre-pandemic (2017-2019),7.0,,,,,,,0.0
2017,3,2017-01-15,Pre-pandemic (2017-2019),17.0,1.0,,1.0,,,,0.058823529411764705
2017,4,2017-01-22,Pre-pandemic (2017-2019),42.0,5.0,2.0,3.0,2.0,,,0.11904761904761904
2017,5,2017-01-29,Pre-pandemic (2017-2019),77.0,1.0,1.0,,,,,0.012987012987012988
2017,6,2017-02-05,Pre-pandemic (2017-2019),72.0,3.0,2.0,1.0,,,,0.041666666666666664
2017,7,2017-02-12,Pre-pandemic (2017-2019),60.0,8.0,6.0,2.0,1.0,,,0.13333333333333333
2017,8,2017-02-19,Pre-pandemic (2017-2019),73.0,10.0,7.0,3.0,5.0,,,0.136986301369863
2017,9,2017-02-26,Pre-pandemic (2017-2019),61.0,8.0,6.0,2.0,4.0,,,0.13114754098360656
2017,10,2017-03-05,Pre-pandemic (2017-2019),79.0,11.0,4.0,7.0,2.0,,,0.13924050632911392
2017,11,2017-03-12,Pre-pandemic (2017-2019),65.0,9.0,9.0,,6.0,,,0.13846153846153847
2017,12,2017-03-19,Pre-pandemic (2017-2019),53.0,6.0,6.0,,2.0,,,0.11320754716981132
2017,13,2017-03-26,Pre-pandemic (2017-2019),40.0,5.0,3.0,2.0,,,,0.125
2017,14,2017-04-02,Pre-pandemic (2017-2019),40.0,3.0,1.0,2.0,,,,0.075
2017,15,2017-04-09,Pre-pandemic (2017-2019),43.0,3.0,2.0,1.0,,,,0.06976744186046512
2017,16,2017-04-16,Pre-pandemic (2017-2019),45.0,8.0,6.0,2.0,,,,0.17777777777777778
2017,17,2017-04-23,Pre-pandemic (2017-2019),52.0,6.0,3.0,3.0,1.0,,,0.11538461538461539
2017,18,2017-04-30,Pre-pandemic (2017-2019),46.0,9.0,5.0,4.0,3.0,,,0.1956521739130435
2017,19,2017-05-07,Pre-pandemic (2017-2019),34.0,12.0,7.0,5.0,4.0,,,0.35294117647058826
2017,20,2017-05-14,Pre-pandemic (2017-2019),38.0,10.0,7.0,3.0,6.0,,,0.2631578947368421
2017,21,2017-05-21,Pre-pandemic (2017-2019),32.0,3.0,2.0,1.0,2.0,,,0.09375
2017,22,2017-05-28,Pre-pandemic (2017-2019),29.0,3.0,3.0,,1.0,,,0.10344827586206896
2017,23,2017-06-04,Pre-pandemic (2017-2019),49.0,15.0,13.0,2.0,11.0,,,0.30612244897959184
2017,24,2017-06-11,Pre-pandemic (2017-2019),48.0,14.0,11.0,3.0,7.0,,,0.2916666666666667
2017,25,2017-06-18,Pre-pandemic (2017-2019),47.0,11.0,7.0,4.0,4.0,,,0.23404255319148937
2017,26,2017-06-25,Pre-pandemic (2017-2019),40.0,10.0,8.0,2.0,2.0,,,0.25
2017,27,2017-07-02,Pre-pandemic (2017-2019),28.0,9.0,6.0,3.0,1.0,,,0.32142857142857145
2017,28,2017-07-09,Pre-pandemic (2017-2019),27.0,3.0,2.0,1.0,1.0,,,0.1111111111111111
2017,29,2017-07-16,Pre-pandemic (2017-2019),22.0,2.0,1.0,1.0,,,,0.09090909090909091
2017,30,2017-07-23,Pre-pandemic (2017-2019),28.0,6.0,1.0,5.0,,,,0.21428571428571427
2017,31,2017-07-30,Pre-pandemic (2017-2019),36.0,2.0,1.0,1.0,,,,0.05555555555555555
2017,32,2017-08-06,Pre-pandemic (2017-2019),56.0,6.0,3.0,3.0,,,,0.10714285714285714
2017,33,2017-08-13,Pre-pandemic (2017-2019),43.0,11.0,10.0,1.0,2.0,,,0.2558139534883721
2017,34,2017-08-20,Pre-pandemic (2017-2019),58.0,7.0,6.0,1.0,1.0,,,0.1206896551724138
2017,35,2017-08-27,Pre-pandemic (2017-2019),43.0,6.0,6.0,,2.0,,,0.13953488372093023
2017,36,2017-09-03,Pre-pandemic (2017-2019),46.0,11.0,11.0,,6.0,,,0.2391304347826087
2017,37,2017-09-10,Pre-pandemic (2017-2019),30.0,5.0,5.0,,2.0,,,0.16666666666666666
2017,38,2017-09-17,Pre-pandemic (2017-2019),39.0,6.0,6.0,,4.0,,,0.15384615384615385
2017,39,2017-09-24,Pre-pandemic (2017-2019),50.0,15.0,12.0,3.0,12.0,,,0.3
2017,40,2017-10-01,Pre-pandemic (2017-2019),43.0,9.0,8.0,1.0,6.0,,,0.20930232558139536
2017,41,2017-10-08,Pre-pandemic (2017-2019),56.0,14.0,13.0,1.0,11.0,,,0.25
2017,42,2017-10-15,Pre-pandemic (2017-2019),76.0,23.0,23.0,,19.0,,,0.3026315789473684
2017,43,2017-10-22,Pre-pandemic (2017-2019),75.0,24.0,22.0,2.0,21.0,,,0.32
2017,44,2017-10-29,Pre-pandemic (2017-2019),109.0,39.0,36.0,3.0,32.0,,,0.3577981651376147
2017,45,2017-11-05,Pre-pandemic (2017-2019),104.0,35.0,33.0,2.0,31.0,,,0.33653846153846156
2017,46,2017-11-12,Pre-pandemic (2017-2019),99.0,41.0,37.0,4.0,31.0,,,0.41414141414141414
2017,47,2017-11-19,Pre-pandemic (2017-2019),118.0,46.0,37.0,9.0,30.0,,,0.3898305084745763
2017,48,2017-11-26,Pre-pandemic (2017-2019),134.0,42.0,37.0,5.0,31.0,,,0.31343283582089554
2017,49,2017-12-03,Pre-pandemic (2017-2019),139.0,42.0,38.0,4.0,30.0,,,0.302158273381295
2017,50,2017-12-10,Pre-pandemic (2017-2019),135.0,34.0,27.0,7.0,20.0,,,0.2518518518518518
2017,51,2017-12-17,Pre-pandemic (2017-2019),154.0,47.0,22.0,25.0,13.0,,,0.3051948051948052
2017,52,2017-12-24,Pre-pandemic (2017-2019),135.0,41.0,27.0,14.0,16.0,,,0.3037037037037037
2018,1,2017-12-31,Pre-pandemic (2017-2019),139.0,35.0,16.0,19.0,9.0,,,0.2517985611510791
2018,2,2018-01-07,Pre-pandemic (2017-2019),107.0,18.0,11.0,7.0,7.0,,,0.16822429906542055
2018,3,2018-01-14,Pre-pandemic (2017-2019),114.0,27.0,16.0,11.0,10.0,,,0.23684210526315788
2018,4,2018-01-21,Pre-pandemic (2017-2019),109.0,20.0,11.0,9.0,4.0,,,0.1834862385321101
2018,5,2018-01-28,Pre-pandemic (2017-2019),125.0,18.0,6.0,12.0,2.0,,,0.144
2018,6,2018-02-04,Pre-pandemic (2017-2019),191.0,35.0,15.0,20.0,7.0,,,0.18324607329842932
2018,7,2018-02-11,Pre-pandemic (2017-2019),201.0,41.0,10.0,31.0,5.0,,,0.20398009950248755
2018,8,2018-02-18,Pre-pandemic (2017-2019),137.0,23.0,7.0,16.0,1.0,,,0.1678832116788321
2018,9,2018-02-25,Pre-pandemic (2017-2019),229.0,33.0,14.0,19.0,,,,0.14410480349344978
2018,10,2018-03-04,Pre-pandemic (2017-2019),250.0,31.0,11.0,20.0,2.0,,,0.124
2018,11,2018-03-11,Pre-pandemic (2017-2019),230.0,25.0,9.0,16.0,7.0,,,0.10869565217391304
2018,12,2018-03-18,Pre-pandemic (2017-2019),222.0,19.0,10.0,9.0,2.0,,,0.08558558558558559
2018,13,2018-03-25,Pre-pandemic (2017-2019),204.0,17.0,8.0,9.0,6.0,,,0.08333333333333333
2018,14,2018-04-01,Pre-pandemic (2017-2019),160.0,21.0,4.0,17.0,1.0,,,0.13125
2018,15,2018-04-08,Pre-pandemic (2017-2019),182.0,20.0,7.0,13.0,,,,0.10989010989010989
2018,16,2018-04-15,Pre-pandemic (2017-2019),152.0,25.0,11.0,14.0,1.0,,,0.16447368421052633
2018,17,2018-04-22,Pre-pandemic (2017-2019),121.0,19.0,10.0,9.0,,,,0.15702479338842976
2018,18,2018-04-29,Pre-pandemic (2017-2019),144.0,19.0,11.0,8.0,4.0,,,0.13194444444444445
2018,19,2018-05-06,Pre-pandemic (2017-2019),139.0,9.0,7.0,2.0,2.0,,,0.06474820143884892
2018,20,2018-05-13,Pre-pandemic (2017-2019),130.0,12.0,9.0,3.0,4.0,,,0.09230769230769231
2018,21,2018-05-20,Pre-pandemic (2017-2019),116.0,6.0,5.0,1.0,1.0,,,0.05172413793103448
2018,22,2018-05-27,Pre-pandemic (2017-2019),137.0,5.0,4.0,1.0,2.0,,,0.0364963503649635
2018,23,2018-06-03,Pre-pandemic (2017-2019),128.0,12.0,11.0,1.0,1.0,,,0.09375
2018,24,2018-06-10,Pre-pandemic (2017-2019),141.0,9.0,8.0,1.0,2.0,,,0.06382978723404255
2018,25,2018-06-17,Pre-pandemic (2017-2019),134.0,7.0,6.0,1.0,1.0,,,0.05223880597014925
2018,26,2018-06-24,Pre-pandemic (2017-2019),98.0,8.0,4.0,4.0,1.0,,,0.08163265306122448
2018,27,2018-07-01,Pre-pandemic (2017-2019),83.0,5.0,5.0,,,,,0.060240963855421686
2018,28,2018-07-08,Pre-pandemic (2017-2019),103.0,6.0,6.0,,,,,0.05825242718446602
2018,29,2018-07-15,Pre-pandemic (2017-2019),80.0,3.0,3.0,,1.0,,,0.0375
2018,30,2018-07-22,Pre-pandemic (2017-2019),101.0,1.0,1.0,,,,,0.009900990099009901
2018,31,2018-07-29,Pre-pandemic (2017-2019),99.0,2.0,1.0,1.0,1.0,,,0.020202020202020204
2018,32,2018-08-05,Pre-pandemic (2017-2019),88.0,4.0,4.0,,2.0,,,0.045454545454545456
2018,33,2018-08-12,Pre-pandemic (2017-2019),91.0,6.0,5.0,1.0,,,,0.06593406593406594
2018,34,2018-08-19,Pre-pandemic (2017-2019),102.0,15.0,10.0,5.0,4.0,,,0.14705882352941177
2018,35,2018-08-26,Pre-pandemic (2017-2019),147.0,18.0,13.0,5.0,1.0,,,0.12244897959183673
2018,36,2018-09-02,Pre-pandemic (2017-2019),124.0,9.0,8.0,1.0,2.0,,,0.07258064516129033
2018,37,2018-09-09,Pre-pandemic (2017-2019),154.0,12.0,12.0,,4.0,,,0.07792207792207792
2018,38,2018-09-16,Pre-pandemic (2017-2019),113.0,12.0,11.0,1.0,4.0,,,0.10619469026548672
2018,39,2018-09-23,Pre-pandemic (2017-2019),133.0,9.0,7.0,2.0,,,,0.06766917293233082
2018,40,2018-09-30,Pre-pandemic (2017-2019),125.0,13.0,12.0,1.0,1.0,,,0.104
2018,41,2018-10-07,Pre-pandemic (2017-2019),136.0,24.0,17.0,7.0,7.0,,,0.17647058823529413
2018,42,2018-10-14,Pre-pandemic (2017-2019),171.0,43.0,40.0,3.0,16.0,,,0.25146198830409355
2018,43,2018-10-21,Pre-pandemic (2017-2019),176.0,42.0,34.0,8.0,16.0,,,0.23863636363636365
2018,44,2018-10-28,Pre-pandemic (2017-2019),226.0,34.0,31.0,3.0,7.0,,,0.1504424778761062
2018,45,2018-11-04,Pre-pandemic (2017-2019),233.0,43.0,36.0,7.0,13.0,,,0.18454935622317598
2018,46,2018-11-11,Pre-pandemic (2017-2019),254.0,57.0,47.0,10.0,16.0,,,0.22440944881889763
2018,47,2018-11-18,Pre-pandemic (2017-2019),315.0,84.0,79.0,5.0,28.0,,,0.26666666666666666
2018,48,2018-11-25,Pre-pandemic (2017-2019),282.0,41.0,38.0,3.0,16.0,,,0.1453900709219858
2018,49,2018-12-02,Pre-pandemic (2017-2019),326.0,60.0,55.0,5.0,29.0,,,0.18404907975460122
2018,50,2018-12-09,Pre-pandemic (2017-2019),304.0,50.0,46.0,4.0,21.0,,,0.16447368421052633
2018,51,2018-12-16,Pre-pandemic (2017-2019),268.0,39.0,30.0,9.0,7.0,,,0.1455223880597015
2018,52,2018-12-23,Pre-pandemic (2017-2019),235.0,31.0,27.0,4.0,8.0,,,0.13191489361702127
2019,1,2018-12-30,Pre-pandemic (2017-2019),309.0,42.0,36.0,6.0,15.0,,,0.13592233009708737
2019,2,2019-01-06,Pre-pandemic (2017-2019),240.0,37.0,31.0,6.0,13.0,,,0.15416666666666667
2019,3,2019-01-13,Pre-pandemic (2017-2019),305.0,46.0,40.0,6.0,27.0,,,0.15081967213114755
2019,4,2019-01-20,Pre-pandemic (2017-2019),273.0,44.0,40.0,4.0,25.0,,,0.16117216117216118
2019,5,2019-01-27,Pre-pandemic (2017-2019),336.0,54.0,45.0,9.0,19.0,,,0.16071428571428573
2019,6,2019-02-03,Pre-pandemic (2017-2019),344.0,50.0,34.0,16.0,24.0,,,0.14534883720930233
2019,7,2019-02-10,Pre-pandemic (2017-2019),334.0,51.0,36.0,15.0,21.0,,,0.15269461077844312
2019,8,2019-02-17,Pre-pandemic (2017-2019),340.0,56.0,41.0,15.0,20.0,,,0.16470588235294117
2019,9,2019-02-24,Pre-pandemic (2017-2019),398.0,66.0,49.0,17.0,29.0,,,0.1658291457286432
2019,10,2019-03-03,Pre-pandemic (2017-2019),333.0,57.0,32.0,25.0,18.0,,,0.17117117117117117
2019,11,2019-03-10,Pre-pandemic (2017-2019),330.0,61.0,37.0,24.0,22.0,,,0.18484848484848485
2019,12,2019-03-17,Pre-pandemic (2017-2019),336.0,65.0,40.0,25.0,28.0,,,0.19345238095238096
2019,13,2019-03-24,Pre-pandemic (2017-2019),289.0,59.0,38.0,21.0,22.0,,,0.2041522491349481
2019,14,2019-03-31,Pre-pandemic (2017-2019),322.0,61.0,39.0,22.0,18.0,,,0.18944099378881987
2019,15,2019-04-07,Pre-pandemic (2017-2019),298.0,70.0,44.0,26.0,36.0,,,0.2348993288590604
2019,16,2019-04-14,Pre-pandemic (2017-2019),299.0,50.0,28.0,22.0,19.0,,,0.16722408026755853
2019,17,2019-04-21,Pre-pandemic (2017-2019),263.0,40.0,20.0,20.0,15.0,,,0.1520912547528517
2019,18,2019-04-28,Pre-pandemic (2017-2019),249.0,28.0,23.0,5.0,17.0,,,0.11244979919678715
2019,19,2019-05-05,Pre-pandemic (2017-2019),201.0,27.0,18.0,9.0,8.0,,,0.13432835820895522
2019,20,2019-05-12,Pre-pandemic (2017-2019),190.0,21.0,14.0,7.0,8.0,,,0.11052631578947368
2019,21,2019-05-19,Pre-pandemic (2017-2019),216.0,26.0,18.0,8.0,10.0,,,0.12037037037037036
2019,22,2019-05-26,Pre-pandemic (2017-2019),190.0,18.0,17.0,1.0,13.0,,,0.09473684210526316
2019,23,2019-06-02,Pre-pandemic (2017-2019),177.0,18.0,11.0,7.0,7.0,,,0.1016949152542373
2019,24,2019-06-09,Pre-pandemic (2017-2019),217.0,18.0,11.0,7.0,9.0,,,0.08294930875576037
2019,25,2019-06-16,Pre-pandemic (2017-2019),186.0,16.0,10.0,6.0,7.0,,,0.08602150537634409
2019,26,2019-06-23,Pre-pandemic (2017-2019),136.0,9.0,1.0,8.0,1.0,,,0.0661764705882353
2019,27,2019-06-30,Pre-pandemic (2017-2019),154.0,4.0,,4.0,,,,0.025974025974025976
2019,28,2019-07-07,Pre-pandemic (2017-2019),147.0,2.0,,2.0,,,,0.013605442176870748
2019,29,2019-07-14,Pre-pandemic (2017-2019),153.0,5.0,2.0,3.0,2.0,,,0.032679738562091505
2019,30,2019-07-21,Pre-pandemic (2017-2019),163.0,6.0,5.0,1.0,3.0,,,0.03680981595092025
2019,31,2019-07-28,Pre-pandemic (2017-2019),147.0,4.0,3.0,1.0,3.0,,,0.027210884353741496
2019,32,2019-08-04,Pre-pandemic (2017-2019),165.0,17.0,16.0,1.0,12.0,,,0.10303030303030303
2019,33,2019-08-11,Pre-pandemic (2017-2019),286.0,50.0,41.0,9.0,35.0,,,0.17482517482517482
2019,34,2019-08-18,Pre-pandemic (2017-2019),210.0,28.0,26.0,2.0,21.0,,,0.13333333333333333
2019,35,2019-08-25,Pre-pandemic (2017-2019),165.0,19.0,18.0,1.0,13.0,,,0.11515151515151516
2019,36,2019-09-01,Pre-pandemic (2017-2019),178.0,19.0,15.0,4.0,11.0,,,0.10674157303370786
2019,37,2019-09-08,Pre-pandemic (2017-2019),158.0,18.0,16.0,2.0,14.0,,,0.11392405063291139
2019,38,2019-09-15,Pre-pandemic (2017-2019),149.0,20.0,16.0,4.0,11.0,1.0,,0.1342281879194631
2019,39,2019-09-22,Pre-pandemic (2017-2019),221.0,24.0,14.0,10.0,10.0,,,0.1085972850678733
2019,40,2019-09-29,Pre-pandemic (2017-2019),194.0,29.0,16.0,13.0,10.0,,,0.14948453608247422
2019,41,2019-10-06,Pre-pandemic (2017-2019),167.0,38.0,19.0,19.0,15.0,,,0.2275449101796407
2019,42,2019-10-13,Pre-pandemic (2017-2019),214.0,51.0,33.0,18.0,17.0,,,0.2383177570093458
2019,43,2019-10-20,Pre-pandemic (2017-2019),256.0,82.0,60.0,22.0,29.0,,,0.3203125
2019,44,2019-10-27,Pre-pandemic (2017-2019),304.0,98.0,79.0,19.0,31.0,,,0.3223684210526316
2019,45,2019-11-03,Pre-pandemic (2017-2019),311.0,110.0,85.0,25.0,31.0,,,0.3536977491961415
2019,46,2019-11-10,Pre-pandemic (2017-2019),367.0,137.0,112.0,25.0,47.0,,,0.37329700272479566
2019,47,2019-11-17,Pre-pandemic (2017-2019),378.0,119.0,93.0,26.0,37.0,,,0.3148148148148148
2019,48,2019-11-24,Pre-pandemic (2017-2019),371.0,117.0,92.0,25.0,53.0,,,0.31536388140161725
2019,49,2019-12-01,Pre-pandemic (2017-2019),367.0,123.0,96.0,27.0,42.0,,,0.335149863760218
2019,50,2019-12-08,Pre-pandemic (2017-2019),356.0,78.0,56.0,22.0,30.0,,,0.21910112359550563
2019,51,2019-12-15,Pre-pandemic (2017-2019),418.0,96.0,79.0,17.0,44.0,,,0.22966507177033493
2019,52,2019-12-22,Pre-pandemic (2017-2019),331.0,75.0,64.0,11.0,31.0,,,0.22658610271903323
2020,1,2019-12-29,Pandemic (2020-2021),305.0,60.0,50.0,10.0,24.0,,,0.19672131147540983
2020,2,2020-01-05,Pandemic (2020-2021),297.0,52.0,44.0,8.0,29.0,,,0.1750841750841751
2020,3,2020-01-12,Pandemic (2020-2021),312.0,34.0,29.0,5.0,18.0,,,0.10897435897435898
2020,4,2020-01-19,Pandemic (2020-2021),324.0,47.0,39.0,8.0,23.0,,,0.14506172839506173
2020,5,2020-01-26,Pandemic (2020-2021),342.0,58.0,42.0,16.0,30.0,,,0.1695906432748538
2020,6,2020-02-02,Pandemic (2020-2021),288.0,34.0,27.0,7.0,14.0,,,0.11805555555555555
2020,7,2020-02-09,Pandemic (2020-2021),328.0,32.0,24.0,8.0,12.0,,,0.0975609756097561
2020,8,2020-02-16,Pandemic (2020-2021),323.0,39.0,30.0,9.0,23.0,,,0.12074303405572756
2020,9,2020-02-23,Pandemic (2020-2021),327.0,41.0,31.0,10.0,22.0,,,0.12538226299694188
2020,10,2020-03-01,Pandemic (2020-2021),354.0,48.0,34.0,14.0,20.0,,,0.13559322033898305
2020,11,2020-03-08,Pandemic (2020-2021),344.0,35.0,14.0,21.0,5.0,,,0.10174418604651163
2020,12,2020-03-15,Pandemic (2020-2021),214.0,12.0,,12.0,,,,0.056074766355140186
2020,13,2020-03-22,Pandemic (2020-2021),92.0,,,,,,,0.0
2020,14,2020-03-29,Pandemic (2020-2021),22.0,,,,,,,0.0
2020,15,2020-04-05,Pandemic (2020-2021),12.0,,,,,,,0.0
2020,16,2020-04-12,Pandemic (2020-2021),18.0,,,,,,,0.0
2020,17,2020-04-19,Pandemic (2020-2021),15.0,,,,,,,0.0
2020,18,2020-04-26,Pandemic (2020-2021),4.0,,,,,,,0.0
2020,19,2020-05-03,Pandemic (2020-2021),2.0,,,,,,,0.0
2020,20,2020-05-10,Pandemic (2020-2021),9.0,,,,,,,0.0
2020,21,2020-05-17,Pandemic (2020-2021),6.0,,,,,,,0.0
2020,22,2020-05-24,Pandemic (2020-2021),7.0,,,,,,,0.0
2020,23,2020-05-31,Pandemic (2020-2021),6.0,,,,,,,0.0
2020,24,2020-06-07,Pandemic (2020-2021),3.0,,,,,,,0.0
2020,25,2020-06-14,Pandemic (2020-2021),2.0,,,,,,,0.0
2020,26,2020-06-21,Pandemic (2020-2021),1.0,,,,,,,0.0
2020,27,2020-06-28,Pandemic (2020-2021),3.0,,,,,,,0.0
2020,28,2020-07-05,Pandemic (2020-2021),2.0,,,,,,,0.0
2020,29,2020-07-12,Pandemic (2020-2021),1.0,,,,,,,0.0
2020,33,2020-08-09,Pandemic (2020-2021),1.0,,,,,,,0.0
2020,36,2020-08-30,Pandemic (2020-2021),1.0,,,,,,,0.0
2020,37,2020-09-06,Pandemic (2020-2021),1.0,,,,,,,0.0
2020,38,2020-09-13,Pandemic (2020-2021),1.0,,,,,,,0.0
2020,39,2020-09-20,Pandemic (2020-2021),2.0,,,,,,,0.0
2020,40,2020-09-27,Pandemic (2020-2021),4.0,1.0,,1.0,,,,0.25
2020,41,2020-10-04,Pandemic (2020-2021),15.0,,,,,,,0.0
2020,42,2020-10-11,Pandemic (2020-2021),16.0,,,,,,,0.0
2020,43,2020-10-18,Pandemic (2020-2021),64.0,,,,,,,0.0
2020,44,2020-10-25,Pandemic (2020-2021),252.0,4.0,,4.0,,,,0.015873015873015872
2020,45,2020-11-01,Pandemic (2020-2021),309.0,2.0,,2.0,,,,0.006472491909385114
2020,46,2020-11-08,Pandemic (2020-2021),379.0,9.0,,9.0,,,,0.023746701846965697
2020,47,2020-11-15,Pandemic (2020-2021),338.0,6.0,,6.0,,,,0.01775147928994083
2020,48,2020-11-22,Pandemic (2020-2021),266.0,3.0,1.0,2.0,1.0,,,0.011278195488721804
2020,49,2020-11-29,Pandemic (2020-2021),211.0,2.0,1.0,1.0,1.0,,,0.009478672985781991
2020,50,2020-12-06,Pandemic (2020-2021),215.0,2.0,,2.0,,,,0.009302325581395349
2020,51,2020-12-13,Pandemic (2020-2021),261.0,1.0,,1.0,,,,0.0038314176245210726
2020,52,2020-12-20,Pandemic (2020-2021),254.0,3.0,,3.0,,,,0.011811023622047244
2020,53,2020-12-27,Pandemic (2020-2021),254.0,3.0,,3.0,,,,0.011811023622047244
2021,1,2021-01-03,Pandemic (2020-2021),247.0,2.0,,2.0,,,,0.008097165991902834
2021,2,2021-01-10,Pandemic (2020-2021),232.0,7.0,1.0,6.0,,,,0.03017241379310345
2021,3,2021-01-17,Pandemic (2020-2021),298.0,3.0,,3.0,,,,0.010067114093959731
2021,4,2021-01-24,Pandemic (2020-2021),249.0,4.0,,4.0,,,,0.01606425702811245
2021,5,2021-01-31,Pandemic (2020-2021),286.0,1.0,,1.0,,,,0.0034965034965034965
2021,6,2021-02-07,Pandemic (2020-2021),273.0,6.0,1.0,5.0,,,,0.02197802197802198
2021,7,2021-02-14,Pandemic (2020-2021),233.0,3.0,,3.0,,,,0.012875536480686695
2021,8,2021-02-21,Pandemic (2020-2021),218.0,4.0,,4.0,,,,0.01834862385321101
2021,9,2021-02-28,Pandemic (2020-2021),190.0,1.0,,1.0,,,,0.005263157894736842
2021,10,2021-03-07,Pandemic (2020-2021),201.0,1.0,,1.0,,,,0.004975124378109453
2021,11,2021-03-14,Pandemic (2020-2021),184.0,2.0,1.0,1.0,1.0,,,0.010869565217391304
2021,12,2021-03-21,Pandemic (2020-2021),141.0,,,,,,,0.0
2021,13,2021-03-28,Pandemic (2020-2021),207.0,,,,,,,0.0
2021,14,2021-04-04,Pandemic (2020-2021),159.0,1.0,,1.0,,,,0.006289308176100629
2021,15,2021-04-11,Pandemic (2020-2021),95.0,,,,,,,0.0
2021,16,2021-04-18,Pandemic (2020-2021),94.0,,,,,,,0.0
2021,17,2021-04-25,Pandemic (2020-2021),75.0,,,,,,,0.0
2021,18,2021-05-02,Pandemic (2020-2021),65.0,,,,,,,0.0
2021,19,2021-05-09,Pandemic (2020-2021),54.0,,,,,,,0.0
2021,20,2021-05-16,Pandemic (2020-2021),61.0,,,,,,,0.0
2021,21,2021-05-23,Pandemic (2020-2021),90.0,,,,,,,0.0
2021,22,2021-05-30,Pandemic (2020-2021),77.0,1.0,,1.0,,,,0.012987012987012988
2021,23,2021-06-06,Pandemic (2020-2021),95.0,4.0,,4.0,,,,0.042105263157894736
2021,24,2021-06-13,Pandemic (2020-2021),100.0,5.0,,5.0,,,,0.05
2021,25,2021-06-20,Pandemic (2020-2021),84.0,14.0,,14.0,,,,0.16666666666666666
2021,26,2021-06-27,Pandemic (2020-2021),98.0,18.0,,18.0,,,,0.1836734693877551
2021,27,2021-07-04,Pandemic (2020-2021),79.0,6.0,,6.0,,,,0.0759493670886076
2021,28,2021-07-11,Pandemic (2020-2021),60.0,3.0,,3.0,,,,0.05
2021,29,2021-07-18,Pandemic (2020-2021),70.0,1.0,,1.0,,,,0.014285714285714285
2021,30,2021-07-25,Pandemic (2020-2021),77.0,3.0,1.0,2.0,,,,0.03896103896103896
2021,31,2021-08-01,Pandemic (2020-2021),71.0,,,,,,,0.0
2021,32,2021-08-08,Pandemic (2020-2021),94.0,1.0,,1.0,,,,0.010638297872340425
2021,33,2021-08-15,Pandemic (2020-2021),92.0,,,,,,,0.0
2021,34,2021-08-22,Pandemic (2020-2021),73.0,,,,,,,0.0
2021,35,2021-08-29,Pandemic (2020-2021),92.0,,,,,,,0.0
2021,36,2021-09-05,Pandemic (2020-2021),78.0,2.0,1.0,1.0,,,,0.02564102564102564
2021,37,2021-09-12,Pandemic (2020-2021),93.0,3.0,1.0,2.0,,,,0.03225806451612903
2021,38,2021-09-19,Pandemic (2020-2021),81.0,2.0,1.0,1.0,,,,0.024691358024691357
2021,39,2021-09-26,Pandemic (2020-2021),72.0,3.0,3.0,,,,,0.041666666666666664
2021,40,2021-10-03,Pandemic (2020-2021),114.0,5.0,5.0,,,,,0.043859649122807015
2021,41,2021-10-10,Pandemic (2020-2021),105.0,4.0,4.0,,,,,0.0380952380952381
2021,42,2021-10-17,Pandemic (2020-2021),121.0,3.0,3.0,,,,,0.024793388429752067
2021,43,2021-10-24,Pandemic (2020-2021),107.0,4.0,4.0,,1.0,1.0,,0.037383177570093455
2021,44,2021-10-31,Pandemic (2020-2021),114.0,10.0,10.0,,,1.0,,0.08771929824561403
2021,45,2021-11-07,Pandemic (2020-2021),162.0,12.0,11.0,1.0,,3.0,,0.07407407407407407
2021,46,2021-11-14,Pandemic (2020-2021),134.0,19.0,18.0,1.0,,2.0,,0.1417910447761194
2021,47,2021-11-21,Pandemic (2020-2021),186.0,18.0,16.0,2.0,,3.0,,0.0967741935483871
2021,48,2021-11-28,Pandemic (2020-2021),157.0,14.0,12.0,2.0,,2.0,,0.08917197452229299
2021,49,2021-12-05,Pandemic (2020-2021),156.0,12.0,11.0,1.0,3.0,1.0,,0.07692307692307693
2021,50,2021-12-12,Pandemic (2020-2021),209.0,16.0,11.0,5.0,,3.0,,0.07655502392344497
2021,51,2021-12-19,Pandemic (2020-2021),156.0,11.0,10.0,1.0,,,,0.07051282051282051
2021,52,2021-12-26,Pandemic (2020-2021),167.0,6.0,5.0,1.0,1.0,,,0.03592814371257485
2022,1,2022-01-02,Post-pandemic (2022-2026),121.0,5.0,3.0,2.0,,,,0.04132231404958678
2022,2,2022-01-09,Post-pandemic (2022-2026),105.0,7.0,6.0,1.0,,,,0.06666666666666667
2022,3,2022-01-16,Post-pandemic (2022-2026),109.0,4.0,4.0,,,,,0.03669724770642202
2022,4,2022-01-23,Post-pandemic (2022-2026),81.0,2.0,,2.0,,,,0.024691358024691357
2022,5,2022-01-30,Post-pandemic (2022-2026),99.0,2.0,1.0,1.0,,,,0.020202020202020204
2022,6,2022-02-06,Post-pandemic (2022-2026),82.0,,,,,,,0.0
2022,7,2022-02-13,Post-pandemic (2022-2026),73.0,1.0,1.0,,,,,0.0136986301369863
2022,8,2022-02-20,Post-pandemic (2022-2026),72.0,3.0,1.0,2.0,,,,0.041666666666666664
2022,9,2022-02-27,Post-pandemic (2022-2026),49.0,1.0,,1.0,,,,0.02040816326530612
2022,10,2022-03-06,Post-pandemic (2022-2026),65.0,3.0,,3.0,,,,0.046153846153846156
2022,11,2022-03-13,Post-pandemic (2022-2026),48.0,,,,,,,0.0
2022,12,2022-03-20,Post-pandemic (2022-2026),60.0,2.0,,2.0,,,,0.03333333333333333
2022,13,2022-03-27,Post-pandemic (2022-2026),37.0,1.0,1.0,,,,,0.02702702702702703
2022,14,2022-04-03,Post-pandemic (2022-2026),52.0,2.0,1.0,1.0,1.0,,,0.038461538461538464
2022,15,2022-04-10,Post-pandemic (2022-2026),80.0,9.0,6.0,3.0,3.0,,,0.1125
2022,16,2022-04-17,Post-pandemic (2022-2026),76.0,1.0,1.0,,1.0,,,0.013157894736842105
2022,17,2022-04-24,Post-pandemic (2022-2026),50.0,2.0,,2.0,,,,0.04
2022,18,2022-05-01,Post-pandemic (2022-2026),42.0,1.0,1.0,,,,,0.023809523809523808
2022,19,2022-05-08,Post-pandemic (2022-2026),86.0,6.0,4.0,2.0,2.0,,,0.06976744186046512
2022,20,2022-05-15,Post-pandemic (2022-2026),68.0,9.0,7.0,2.0,,3.0,,0.1323529411764706
2022,21,2022-05-22,Post-pandemic (2022-2026),88.0,20.0,17.0,3.0,1.0,7.0,,0.22727272727272727
2022,22,2022-05-29,Post-pandemic (2022-2026),119.0,21.0,19.0,2.0,,11.0,1.0,0.17647058823529413
2022,23,2022-06-05,Post-pandemic (2022-2026),225.0,50.0,49.0,1.0,15.0,25.0,,0.2222222222222222
2022,24,2022-06-12,Post-pandemic (2022-2026),267.0,32.0,22.0,10.0,1.0,13.0,3.0,0.1198501872659176
2022,25,2022-06-19,Post-pandemic (2022-2026),284.0,23.0,17.0,6.0,,10.0,1.0,0.08098591549295775
2022,26,2022-06-26,Post-pandemic (2022-2026),313.0,19.0,9.0,10.0,,2.0,,0.06070287539936102
2022,27,2022-07-03,Post-pandemic (2022-2026),169.0,7.0,2.0,5.0,,,,0.04142011834319527
2022,28,2022-07-10,Post-pandemic (2022-2026),187.0,13.0,5.0,8.0,,,2.0,0.06951871657754011
2022,29,2022-07-17,Post-pandemic (2022-2026),241.0,8.0,3.0,5.0,,,1.0,0.03319502074688797
2022,30,2022-07-24,Post-pandemic (2022-2026),111.0,4.0,1.0,3.0,1.0,,,0.036036036036036036
2022,31,2022-07-31,Post-pandemic (2022-2026),69.0,3.0,,3.0,,,1.0,0.043478260869565216
2022,32,2022-08-07,Post-pandemic (2022-2026),88.0,6.0,1.0,5.0,,1.0,1.0,0.06818181818181818
2022,33,2022-08-14,Post-pandemic (2022-2026),159.0,25.0,3.0,22.0,,,4.0,0.15723270440251572
2022,34,2022-08-21,Post-pandemic (2022-2026),133.0,19.0,,19.0,,,5.0,0.14285714285714285
2022,35,2022-08-28,Post-pandemic (2022-2026),162.0,16.0,,16.0,,,4.0,0.09876543209876543
2022,36,2022-09-04,Post-pandemic (2022-2026),168.0,14.0,,14.0,,,5.0,0.08333333333333333
2022,37,2022-09-11,Post-pandemic (2022-2026),299.0,48.0,10.0,38.0,4.0,,5.0,0.1605351170568562
2022,38,2022-09-18,Post-pandemic (2022-2026),231.0,28.0,6.0,22.0,2.0,1.0,3.0,0.12121212121212122
2022,39,2022-09-25,Post-pandemic (2022-2026),291.0,43.0,6.0,37.0,,,16.0,0.14776632302405499
2022,40,2022-10-02,Post-pandemic (2022-2026),351.0,48.0,11.0,37.0,2.0,1.0,12.0,0.13675213675213677
2022,41,2022-10-09,Post-pandemic (2022-2026),473.0,96.0,19.0,77.0,9.0,1.0,18.0,0.2029598308668076
2022,42,2022-10-16,Post-pandemic (2022-2026),505.0,102.0,21.0,81.0,11.0,,30.0,0.201980198019802
2022,43,2022-10-23,Post-pandemic (2022-2026),613.0,146.0,37.0,109.0,18.0,2.0,43.0,0.23817292006525284
2022,44,2022-10-30,Post-pandemic (2022-2026),571.0,147.0,52.0,95.0,23.0,2.0,33.0,0.2574430823117338
2022,45,2022-11-06,Post-pandemic (2022-2026),591.0,141.0,56.0,85.0,27.0,3.0,21.0,0.23857868020304568
2022,46,2022-11-13,Post-pandemic (2022-2026),571.0,115.0,46.0,69.0,16.0,,20.0,0.20140105078809106
2022,47,2022-11-20,Post-pandemic (2022-2026),445.0,68.0,26.0,42.0,11.0,1.0,9.0,0.15280898876404495
2022,48,2022-11-27,Post-pandemic (2022-2026),445.0,58.0,19.0,39.0,10.0,,12.0,0.1303370786516854
2022,49,2022-12-04,Post-pandemic (2022-2026),520.0,71.0,31.0,40.0,13.0,1.0,7.0,0.13653846153846153
2022,50,2022-12-11,Post-pandemic (2022-2026),371.0,41.0,15.0,26.0,6.0,,3.0,0.1105121293800539
2022,51,2022-12-18,Post-pandemic (2022-2026),408.0,48.0,27.0,21.0,10.0,,3.0,0.11764705882352941
2022,52,2022-12-25,Post-pandemic (2022-2026),379.0,43.0,19.0,24.0,2.0,1.0,3.0,0.11345646437994723
2023,1,2023-01-01,Post-pandemic (2022-2026),537.0,67.0,38.0,29.0,11.0,,,0.12476722532588454
2023,2,2023-01-08,Post-pandemic (2022-2026),435.0,44.0,26.0,18.0,,,,0.10114942528735632
2023,3,2023-01-15,Post-pandemic (2022-2026),525.0,82.0,46.0,36.0,12.0,,2.0,0.15619047619047619
2023,4,2023-01-22,Post-pandemic (2022-2026),670.0,69.0,39.0,30.0,7.0,2.0,1.0,0.10298507462686567
2023,5,2023-01-29,Post-pandemic (2022-2026),440.0,49.0,31.0,18.0,11.0,2.0,,0.11136363636363636
2023,6,2023-02-05,Post-pandemic (2022-2026),794.0,98.0,58.0,40.0,17.0,1.0,2.0,0.12342569269521411
2023,7,2023-02-12,Post-pandemic (2022-2026),797.0,91.0,58.0,33.0,14.0,1.0,2.0,0.11417816813048934
2023,8,2023-02-19,Post-pandemic (2022-2026),609.0,81.0,53.0,28.0,12.0,,1.0,0.1330049261083744
2023,9,2023-02-26,Post-pandemic (2022-2026),696.0,70.0,49.0,21.0,15.0,4.0,2.0,0.10057471264367816
2023,10,2023-03-05,Post-pandemic (2022-2026),622.0,67.0,48.0,19.0,24.0,3.0,2.0,0.10771704180064309
2023,11,2023-03-12,Post-pandemic (2022-2026),669.0,68.0,41.0,27.0,12.0,2.0,2.0,0.10164424514200299
2023,12,2023-03-19,Post-pandemic (2022-2026),593.0,39.0,23.0,16.0,13.0,1.0,2.0,0.0657672849915683
2023,13,2023-03-26,Post-pandemic (2022-2026),501.0,36.0,24.0,12.0,8.0,3.0,1.0,0.0718562874251497
2023,14,2023-04-02,Post-pandemic (2022-2026),584.0,34.0,19.0,15.0,5.0,3.0,1.0,0.05821917808219178
2023,15,2023-04-09,Post-pandemic (2022-2026),498.0,24.0,17.0,7.0,10.0,1.0,2.0,0.04819277108433735
2023,16,2023-04-16,Post-pandemic (2022-2026),206.0,27.0,18.0,9.0,4.0,2.0,,0.13106796116504854
2023,17,2023-04-23,Post-pandemic (2022-2026),402.0,32.0,26.0,6.0,12.0,1.0,1.0,0.07960199004975124
2023,18,2023-04-30,Post-pandemic (2022-2026),724.0,46.0,40.0,6.0,16.0,3.0,1.0,0.06353591160220995
2023,19,2023-05-07,Post-pandemic (2022-2026),659.0,64.0,40.0,24.0,16.0,7.0,7.0,0.09711684370257967
2023,20,2023-05-14,Post-pandemic (2022-2026),614.0,66.0,39.0,27.0,18.0,3.0,1.0,0.10749185667752444
2023,21,2023-05-21,Post-pandemic (2022-2026),689.0,55.0,36.0,19.0,15.0,8.0,8.0,0.07982583454281568
2023,22,2023-05-28,Post-pandemic (2022-2026),598.0,42.0,31.0,11.0,14.0,5.0,,0.07023411371237458
2023,23,2023-06-04,Post-pandemic (2022-2026),597.0,51.0,38.0,13.0,17.0,12.0,3.0,0.08542713567839195
2023,24,2023-06-11,Post-pandemic (2022-2026),577.0,60.0,36.0,24.0,21.0,3.0,4.0,0.10398613518197573
2023,25,2023-06-18,Post-pandemic (2022-2026),626.0,58.0,36.0,22.0,16.0,2.0,1.0,0.0926517571884984
2023,26,2023-06-25,Post-pandemic (2022-2026),456.0,48.0,46.0,2.0,3.0,4.0,,0.10526315789473684
2023,27,2023-07-02,Post-pandemic (2022-2026),651.0,74.0,57.0,17.0,11.0,4.0,3.0,0.11367127496159754
2023,28,2023-07-09,Post-pandemic (2022-2026),674.0,55.0,43.0,12.0,10.0,6.0,1.0,0.08160237388724036
2023,29,2023-07-16,Post-pandemic (2022-2026),635.0,47.0,38.0,9.0,8.0,6.0,,0.07401574803149606
2023,30,2023-07-23,Post-pandemic (2022-2026),593.0,36.0,28.0,8.0,5.0,7.0,,0.06070826306913996
2023,31,2023-07-30,Post-pandemic (2022-2026),588.0,43.0,33.0,10.0,8.0,5.0,,0.07312925170068027
2023,32,2023-08-06,Post-pandemic (2022-2026),635.0,30.0,17.0,13.0,,,,0.047244094488188976
2023,33,2023-08-13,Post-pandemic (2022-2026),785.0,65.0,43.0,22.0,2.0,8.0,3.0,0.08280254777070063
2023,34,2023-08-20,Post-pandemic (2022-2026),815.0,59.0,48.0,11.0,8.0,18.0,3.0,0.07239263803680981
2023,35,2023-08-27,Post-pandemic (2022-2026),844.0,76.0,55.0,21.0,10.0,11.0,1.0,0.09004739336492891
2023,36,2023-09-03,Post-pandemic (2022-2026),994.0,91.0,69.0,22.0,15.0,15.0,,0.09154929577464789
2023,37,2023-09-10,Post-pandemic (2022-2026),965.0,100.0,79.0,21.0,20.0,22.0,4.0,0.10362694300518134
2023,38,2023-09-17,Post-pandemic (2022-2026),1071.0,158.0,114.0,44.0,33.0,30.0,6.0,0.14752567693744165
2023,39,2023-09-24,Post-pandemic (2022-2026),1042.0,171.0,141.0,30.0,48.0,51.0,4.0,0.16410748560460653
2023,40,2023-10-01,Post-pandemic (2022-2026),1198.0,266.0,228.0,38.0,74.0,80.0,4.0,0.22203672787979967
2023,41,2023-10-08,Post-pandemic (2022-2026),1267.0,356.0,314.0,42.0,88.0,93.0,6.0,0.2809786898184688
2023,42,2023-10-15,Post-pandemic (2022-2026),1197.0,372.0,328.0,44.0,102.0,114.0,17.0,0.3107769423558897
2023,43,2023-10-22,Post-pandemic (2022-2026),1230.0,411.0,361.0,50.0,117.0,129.0,14.0,0.33414634146341465
2023,44,2023-10-29,Post-pandemic (2022-2026),1373.0,423.0,339.0,84.0,105.0,110.0,24.0,0.3080844865258558
2023,45,2023-11-05,Post-pandemic (2022-2026),1215.0,230.0,190.0,40.0,52.0,46.0,16.0,0.18930041152263374
2023,46,2023-11-12,Post-pandemic (2022-2026),1147.0,200.0,143.0,57.0,25.0,50.0,16.0,0.17436791630340018
2023,47,2023-11-19,Post-pandemic (2022-2026),1152.0,187.0,136.0,51.0,31.0,46.0,19.0,0.1623263888888889
2023,48,2023-11-26,Post-pandemic (2022-2026),1161.0,171.0,129.0,42.0,26.0,37.0,18.0,0.14728682170542637
2023,49,2023-12-03,Post-pandemic (2022-2026),1238.0,137.0,99.0,38.0,36.0,18.0,15.0,0.11066235864297254
2023,50,2023-12-10,Post-pandemic (2022-2026),1305.0,125.0,84.0,41.0,27.0,28.0,19.0,0.09578544061302682
2023,51,2023-12-17,Post-pandemic (2022-2026),1267.0,133.0,78.0,55.0,11.0,25.0,23.0,0.10497237569060773
2023,52,2023-12-24,Post-pandemic (2022-2026),1280.0,133.0,95.0,38.0,23.0,31.0,21.0,0.10390625
2024,1,2023-12-31,Post-pandemic (2022-2026),1226.0,131.0,87.0,44.0,17.0,21.0,24.0,0.1068515497553018
2024,2,2024-01-07,Post-pandemic (2022-2026),986.0,73.0,51.0,22.0,15.0,19.0,8.0,0.07403651115618662
2024,3,2024-01-14,Post-pandemic (2022-2026),972.0,69.0,44.0,25.0,12.0,27.0,10.0,0.07098765432098765
2024,4,2024-01-21,Post-pandemic (2022-2026),907.0,58.0,40.0,18.0,19.0,10.0,6.0,0.0639470782800441
2024,5,2024-01-28,Post-pandemic (2022-2026),952.0,72.0,48.0,24.0,18.0,16.0,11.0,0.07563025210084033
2024,6,2024-02-04,Post-pandemic (2022-2026),954.0,91.0,62.0,29.0,18.0,22.0,12.0,0.09538784067085954
2024,7,2024-02-11,Post-pandemic (2022-2026),876.0,87.0,64.0,23.0,11.0,20.0,6.0,0.09931506849315068
2024,8,2024-02-18,Post-pandemic (2022-2026),802.0,56.0,35.0,21.0,5.0,4.0,10.0,0.06982543640897755
2024,9,2024-02-25,Post-pandemic (2022-2026),799.0,69.0,42.0,27.0,6.0,14.0,6.0,0.08635794743429287
2024,10,2024-03-03,Post-pandemic (2022-2026),768.0,40.0,19.0,21.0,5.0,6.0,8.0,0.052083333333333336
2024,11,2024-03-10,Post-pandemic (2022-2026),763.0,60.0,40.0,20.0,24.0,8.0,4.0,0.07863695937090433
2024,12,2024-03-17,Post-pandemic (2022-2026),856.0,49.0,29.0,20.0,18.0,5.0,9.0,0.05724299065420561
2024,13,2024-03-24,Post-pandemic (2022-2026),743.0,29.0,12.0,17.0,4.0,1.0,5.0,0.039030955585464336
2024,14,2024-03-31,Post-pandemic (2022-2026),788.0,46.0,25.0,21.0,18.0,6.0,8.0,0.0583756345177665
2024,15,2024-04-07,Post-pandemic (2022-2026),338.0,16.0,7.0,9.0,5.0,1.0,4.0,0.047337278106508875
2024,16,2024-04-14,Post-pandemic (2022-2026),895.0,53.0,40.0,13.0,17.0,7.0,2.0,0.05921787709497207
2024,17,2024-04-21,Post-pandemic (2022-2026),919.0,38.0,21.0,17.0,10.0,1.0,5.0,0.041349292709466814
2024,18,2024-04-28,Post-pandemic (2022-2026),878.0,27.0,9.0,18.0,1.0,,4.0,0.030751708428246014
2024,19,2024-05-05,Post-pandemic (2022-2026),885.0,39.0,22.0,17.0,3.0,7.0,4.0,0.04406779661016949
2024,20,2024-05-12,Post-pandemic (2022-2026),916.0,34.0,15.0,19.0,3.0,5.0,4.0,0.03711790393013101
2024,21,2024-05-19,Post-pandemic (2022-2026),898.0,27.0,4.0,23.0,1.0,,7.0,0.030066815144766147
2024,22,2024-05-26,Post-pandemic (2022-2026),762.0,13.0,2.0,11.0,1.0,,5.0,0.01706036745406824
2024,23,2024-06-02,Post-pandemic (2022-2026),736.0,14.0,6.0,8.0,3.0,1.0,3.0,0.019021739130434784
2024,24,2024-06-09,Post-pandemic (2022-2026),583.0,14.0,5.0,9.0,1.0,1.0,2.0,0.024013722126929673
2024,25,2024-06-16,Post-pandemic (2022-2026),505.0,15.0,8.0,7.0,2.0,1.0,1.0,0.0297029702970297
2024,26,2024-06-23,Post-pandemic (2022-2026),794.0,23.0,11.0,12.0,1.0,3.0,7.0,0.028967254408060455
2024,27,2024-06-30,Post-pandemic (2022-2026),842.0,35.0,18.0,17.0,9.0,6.0,10.0,0.04156769596199525
2024,28,2024-07-07,Post-pandemic (2022-2026),816.0,34.0,24.0,10.0,5.0,12.0,4.0,0.041666666666666664
2024,29,2024-07-14,Post-pandemic (2022-2026),798.0,21.0,17.0,4.0,2.0,9.0,2.0,0.02631578947368421
2024,30,2024-07-21,Post-pandemic (2022-2026),804.0,18.0,16.0,2.0,4.0,6.0,2.0,0.022388059701492536
2024,31,2024-07-28,Post-pandemic (2022-2026),878.0,24.0,12.0,12.0,4.0,2.0,4.0,0.02733485193621868
2024,32,2024-08-04,Post-pandemic (2022-2026),918.0,20.0,8.0,12.0,2.0,3.0,1.0,0.02178649237472767
2024,33,2024-08-11,Post-pandemic (2022-2026),897.0,23.0,16.0,7.0,9.0,2.0,,0.02564102564102564
2024,34,2024-08-18,Post-pandemic (2022-2026),979.0,27.0,18.0,9.0,8.0,4.0,1.0,0.027579162410623085
2024,35,2024-08-25,Post-pandemic (2022-2026),997.0,21.0,13.0,8.0,7.0,,1.0,0.02106318956870612
2024,36,2024-09-01,Post-pandemic (2022-2026),1020.0,31.0,18.0,13.0,10.0,2.0,2.0,0.030392156862745098
2024,37,2024-09-08,Post-pandemic (2022-2026),884.0,28.0,19.0,9.0,11.0,1.0,,0.03167420814479638
2024,38,2024-09-15,Post-pandemic (2022-2026),880.0,34.0,25.0,9.0,15.0,,1.0,0.038636363636363635
2024,39,2024-09-22,Post-pandemic (2022-2026),930.0,38.0,31.0,7.0,23.0,,,0.04086021505376344
2024,40,2024-09-29,Post-pandemic (2022-2026),1104.0,50.0,43.0,7.0,32.0,1.0,,0.04528985507246377
2024,41,2024-10-06,Post-pandemic (2022-2026),1115.0,69.0,60.0,9.0,47.0,4.0,4.0,0.06188340807174888
2024,42,2024-10-13,Post-pandemic (2022-2026),1068.0,100.0,89.0,11.0,74.0,4.0,3.0,0.09363295880149813
2024,43,2024-10-20,Post-pandemic (2022-2026),1171.0,128.0,105.0,23.0,84.0,3.0,10.0,0.10930828351836037
2024,44,2024-10-27,Post-pandemic (2022-2026),1069.0,118.0,103.0,15.0,84.0,2.0,4.0,0.11038353601496725
2024,45,2024-11-03,Post-pandemic (2022-2026),1033.0,112.0,94.0,18.0,73.0,2.0,1.0,0.10842207163601161
2024,46,2024-11-10,Post-pandemic (2022-2026),1082.0,121.0,91.0,30.0,58.0,8.0,15.0,0.11182994454713494
2024,47,2024-11-17,Post-pandemic (2022-2026),1112.0,118.0,96.0,22.0,67.0,6.0,9.0,0.10611510791366907
2024,48,2024-11-24,Post-pandemic (2022-2026),1075.0,93.0,80.0,13.0,42.0,5.0,3.0,0.08651162790697674
2024,49,2024-12-01,Post-pandemic (2022-2026),1180.0,101.0,81.0,20.0,45.0,1.0,,0.08559322033898305
2024,50,2024-12-08,Post-pandemic (2022-2026),1228.0,140.0,113.0,27.0,71.0,5.0,8.0,0.11400651465798045
2024,51,2024-12-15,Post-pandemic (2022-2026),1327.0,177.0,140.0,37.0,66.0,17.0,15.0,0.1333835719668425
2024,52,2024-12-22,Post-pandemic (2022-2026),1230.0,194.0,141.0,53.0,56.0,29.0,22.0,0.15772357723577235
2025,1,2024-12-29,Post-pandemic (2022-2026),1127.0,160.0,117.0,43.0,59.0,27.0,17.0,0.1419698314108252
2025,2,2025-01-05,Post-pandemic (2022-2026),1253.0,276.0,207.0,69.0,92.0,62.0,51.0,0.2202713487629689
2025,3,2025-01-12,Post-pandemic (2022-2026),1229.0,278.0,197.0,81.0,85.0,18.0,41.0,0.22620016273393004
2025,4,2025-01-19,Post-pandemic (2022-2026),1215.0,287.0,194.0,93.0,67.0,,,0.23621399176954733
2025,5,2025-01-26,Post-pandemic (2022-2026),1065.0,332.0,207.0,125.0,66.0,2.0,25.0,0.3117370892018779
2025,6,2025-02-02,Post-pandemic (2022-2026),1088.0,280.0,166.0,114.0,51.0,1.0,1.0,0.25735294117647056
2025,7,2025-02-09,Post-pandemic (2022-2026),1063.0,216.0,128.0,88.0,17.0,1.0,,0.20319849482596425
2025,8,2025-02-16,Post-pandemic (2022-2026),1044.0,181.0,113.0,68.0,10.0,3.0,,0.17337164750957854
2025,9,2025-02-23,Post-pandemic (2022-2026),884.0,75.0,35.0,40.0,10.0,3.0,,0.08484162895927602
2025,10,2025-03-02,Post-pandemic (2022-2026),793.0,54.0,22.0,32.0,6.0,,,0.06809583858764187
2025,11,2025-03-09,Post-pandemic (2022-2026),840.0,70.0,27.0,43.0,6.0,1.0,,0.08333333333333333
2025,12,2025-03-16,Post-pandemic (2022-2026),765.0,42.0,20.0,22.0,12.0,,,0.054901960784313725
2025,13,2025-03-23,Post-pandemic (2022-2026),576.0,21.0,16.0,5.0,9.0,,,0.036458333333333336
2025,14,2025-03-30,Post-pandemic (2022-2026),439.0,22.0,12.0,10.0,1.0,,,0.05011389521640091
2025,15,2025-04-06,Post-pandemic (2022-2026),752.0,26.0,14.0,12.0,2.0,1.0,,0.034574468085106384
2025,16,2025-04-13,Post-pandemic (2022-2026),767.0,37.0,23.0,14.0,6.0,1.0,,0.048239895697522815
2025,17,2025-04-20,Post-pandemic (2022-2026),768.0,46.0,23.0,23.0,12.0,,,0.059895833333333336
2025,18,2025-04-27,Post-pandemic (2022-2026),722.0,42.0,16.0,26.0,5.0,,,0.05817174515235457
2025,19,2025-05-04,Post-pandemic (2022-2026),818.0,64.0,29.0,35.0,16.0,2.0,,0.07823960880195599
2025,20,2025-05-11,Post-pandemic (2022-2026),736.0,16.0,9.0,7.0,3.0,,,0.021739130434782608
2025,21,2025-05-18,Post-pandemic (2022-2026),513.0,39.0,13.0,26.0,3.0,1.0,,0.07602339181286549
2025,22,2025-05-25,Post-pandemic (2022-2026),576.0,20.0,7.0,13.0,4.0,,,0.034722222222222224
2025,23,2025-06-01,Post-pandemic (2022-2026),357.0,11.0,5.0,6.0,4.0,,,0.03081232492997199
2025,24,2025-06-08,Post-pandemic (2022-2026),349.0,21.0,8.0,13.0,3.0,,,0.06017191977077364
2025,25,2025-06-15,Post-pandemic (2022-2026),563.0,13.0,7.0,6.0,2.0,,,0.023090586145648313
2025,26,2025-06-22,Post-pandemic (2022-2026),556.0,18.0,10.0,8.0,,,,0.03237410071942446
2025,27,2025-06-29,Post-pandemic (2022-2026),593.0,15.0,5.0,10.0,,1.0,5.0,0.025295109612141653
2025,28,2025-07-06,Post-pandemic (2022-2026),695.0,20.0,11.0,9.0,3.0,1.0,3.0,0.02877697841726619
2025,29,2025-07-13,Post-pandemic (2022-2026),758.0,30.0,20.0,10.0,4.0,,3.0,0.0395778364116095
2025,30,2025-07-20,Post-pandemic (2022-2026),709.0,13.0,9.0,4.0,3.0,3.0,,0.018335684062059238
2025,31,2025-07-27,Post-pandemic (2022-2026),686.0,17.0,13.0,4.0,3.0,3.0,4.0,0.02478134110787172
2025,32,2025-08-03,Post-pandemic (2022-2026),622.0,16.0,11.0,5.0,4.0,4.0,2.0,0.02572347266881029
2025,33,2025-08-10,Post-pandemic (2022-2026),657.0,15.0,11.0,4.0,3.0,7.0,2.0,0.0228310502283105
2025,34,2025-08-17,Post-pandemic (2022-2026),694.0,21.0,21.0,,12.0,5.0,,0.03025936599423631
2025,35,2025-08-24,Post-pandemic (2022-2026),684.0,17.0,16.0,1.0,6.0,10.0,1.0,0.024853801169590642
2025,36,2025-08-31,Post-pandemic (2022-2026),761.0,20.0,15.0,5.0,4.0,11.0,5.0,0.026281208935611037
2025,37,2025-09-07,Post-pandemic (2022-2026),791.0,28.0,22.0,6.0,2.0,13.0,3.0,0.035398230088495575
2025,38,2025-09-14,Post-pandemic (2022-2026),724.0,41.0,36.0,5.0,6.0,16.0,4.0,0.05662983425414365
2025,39,2025-09-21,Post-pandemic (2022-2026),753.0,58.0,53.0,5.0,5.0,24.0,1.0,0.07702523240371846
2025,40,2025-09-28,Post-pandemic (2022-2026),819.0,104.0,92.0,12.0,9.0,25.0,4.0,0.12698412698412698
2025,41,2025-10-05,Post-pandemic (2022-2026),882.0,198.0,183.0,15.0,23.0,153.0,10.0,0.22448979591836735
2025,42,2025-10-12,Post-pandemic (2022-2026),981.0,280.0,270.0,10.0,38.0,217.0,8.0,0.2854230377166157
2025,43,2025-10-19,Post-pandemic (2022-2026),1053.0,338.0,322.0,16.0,38.0,238.0,12.0,0.32098765432098764
2025,44,2025-10-26,Post-pandemic (2022-2026),1213.0,446.0,424.0,22.0,41.0,335.0,18.0,0.3676834295136026
2025,45,2025-11-02,Post-pandemic (2022-2026),1102.0,404.0,372.0,32.0,23.0,290.0,23.0,0.3666061705989111
2025,46,2025-11-09,Post-pandemic (2022-2026),1195.0,430.0,401.0,29.0,46.0,299.0,25.0,0.3598326359832636
2025,47,2025-11-16,Post-pandemic (2022-2026),1085.0,255.0,230.0,25.0,24.0,164.0,24.0,0.2350230414746544
2025,48,2025-11-23,Post-pandemic (2022-2026),899.0,146.0,128.0,18.0,14.0,100.0,18.0,0.16240266963292546
2025,49,2025-11-30,Post-pandemic (2022-2026),926.0,131.0,109.0,22.0,11.0,71.0,20.0,0.14146868250539957
2025,50,2025-12-07,Post-pandemic (2022-2026),959.0,98.0,66.0,32.0,20.0,35.0,29.0,0.10218978102189781
2025,51,2025-12-14,Post-pandemic (2022-2026),798.0,58.0,40.0,18.0,12.0,23.0,17.0,0.07268170426065163
2025,52,2025-12-21,Post-pandemic (2022-2026),817.0,43.0,24.0,19.0,3.0,18.0,18.0,0.05263157894736842
2026,1,2025-12-28,Post-pandemic (2022-2026),769.0,26.0,11.0,15.0,5.0,4.0,14.0,0.033810143042912875
2026,2,2026-01-04,Post-pandemic (2022-2026),747.0,40.0,28.0,12.0,15.0,11.0,10.0,0.0535475234270415
2026,3,2026-01-11,Post-pandemic (2022-2026),754.0,28.0,14.0,14.0,9.0,4.0,13.0,0.03713527851458886
2026,4,2026-01-18,Post-pandemic (2022-2026),716.0,27.0,20.0,7.0,9.0,3.0,5.0,0.03770949720670391
2026,5,2026-01-25,Post-pandemic (2022-2026),871.0,26.0,15.0,11.0,8.0,3.0,11.0,0.029850746268656716
2026,6,2026-02-01,Post-pandemic (2022-2026),758.0,39.0,19.0,20.0,9.0,4.0,19.0,0.051451187335092345
2026,7,2026-02-08,Post-pandemic (2022-2026),776.0,30.0,10.0,20.0,8.0,2.0,19.0,0.03865979381443299
2026,8,2026-02-15,Post-pandemic (2022-2026),644.0,24.0,9.0,15.0,6.0,2.0,12.0,0.037267080745341616
2026,9,2026-02-22,Post-pandemic (2022-2026),669.0,30.0,14.0,16.0,13.0,,12.0,0.04484304932735426
2026,10,2026-03-01,Post-pandemic (2022-2026),633.0,17.0,7.0,10.0,4.0,3.0,10.0,0.026856240126382307
2026,11,2026-03-08,Post-pandemic (2022-2026),467.0,17.0,9.0,8.0,9.0,,8.0,0.03640256959314775
2026,12,2026-03-15,Post-pandemic (2022-2026),524.0,12.0,4.0,8.0,1.0,,2.0,0.022900763358778626
